<?xml version="1.0" encoding="UTF-8"?>
<project-private xmlns="http://www.netbeans.org/ns/project-private/1">
    <editor-bookmarks xmlns="http://www.netbeans.org/ns/editor-bookmarks/2" lastBookmarkId="0"/>
    <open-files xmlns="http://www.netbeans.org/ns/projectui-open-files/2">
        <group>
            <file>file:/C:/Users/agust/OneDrive/Documentos/NetBeansProjects/Kartel/src/kartel/Recompense.java</file>
            <file>file:/C:/Users/agust/OneDrive/Documentos/NetBeansProjects/Kartel/src/kartel/Boss.java</file>
            <file>file:/C:/Users/agust/OneDrive/Documentos/NetBeansProjects/Kartel/src/kartel/Gang.java</file>
            <file>file:/C:/Users/agust/OneDrive/Documentos/NetBeansProjects/Kartel/src/kartel/Plateau.java</file>
            <file>file:/C:/Users/agust/OneDrive/Documentos/NetBeansProjects/Kartel/src/kartel/De.java</file>
            <file>file:/C:/Users/agust/OneDrive/Documentos/NetBeansProjects/Kartel/src/kartel/LesJoueurs.java</file>
            <file>file:/C:/Users/agust/OneDrive/Documentos/NetBeansProjects/Kartel/src/kartel/Partie.java</file>
            <file>file:/C:/Users/agust/OneDrive/Documentos/NetBeansProjects/Kartel/src/kartel/Detective.java</file>
            <file>file:/C:/Users/agust/OneDrive/Documentos/NetBeansProjects/Kartel/src/kartel/Ganster.java</file>
            <file>file:/C:/Users/agust/OneDrive/Documentos/NetBeansProjects/Kartel/src/kartel/PotDeVin.java</file>
            <file>file:/C:/Users/agust/OneDrive/Documentos/NetBeansProjects/Kartel/src/kartel/Jeton.java</file>
            <file>file:/C:/Users/agust/OneDrive/Documentos/NetBeansProjects/Kartel/src/kartel/Prison.java</file>
            <file>file:/C:/Users/agust/OneDrive/Documentos/NetBeansProjects/Kartel/src/kartel/Joueur.java</file>
        </group>
    </open-files>
</project-private>
